,count
3,62078.0
4,44228.0
5,34259.0
6,27896.0
7,23527.0
8,20237.0
9,17714.0
10,15567.0
11,14115.0
12,13001.0
13,11713.0
14,10840.0
15,10084.0
16,9400.0
17,8532.0
18,8123.0
19,7650.0
20,7254.0
21,6940.0
22,6417.0
23,6143.0
24,5811.0
25,5486.0
26,5344.0
27,4978.0
28,4748.0
29,4702.0
30,4427.0
31,4239.0
32,4051.0
33,3988.0
34,3738.0
35,3650.0
36,3603.0
37,3364.0
38,3301.0
39,3277.0
40,3122.0
41,2952.0
42,2938.0
43,2866.0
44,2641.0
45,2656.0
46,2632.0
47,2590.0
48,2464.0
49,2362.0
50,2324.0
51,2382.0
52,2251.0
53,2144.0
54,2053.0
55,2043.0
56,2034.0
57,1995.0
58,1869.0
59,1890.0
60,1816.0
61,1771.0
62,1683.0
63,1672.0
64,1692.0
65,1554.0
66,1638.0
67,1633.0
68,1481.0
69,1442.0
70,1500.0
71,1505.0
72,1384.0
73,1318.0
74,1311.0
75,1347.0
76,1325.0
77,1266.0
78,1296.0
79,1274.0
80,1198.0
81,1187.0
82,1155.0
83,1143.0
84,1169.0
85,1069.0
86,1173.0
87,1090.0
88,1050.0
89,1020.0
90,1053.0
91,1016.0
92,1002.0
93,989.0
94,1009.0
95,930.0
96,925.0
97,920.0
98,963.0
99,886.0
100,862.0
101,816.0
102,919.0
103,844.0
104,882.0
105,778.0
106,835.0
107,781.0
108,802.0
109,805.0
110,793.0
111,735.0
112,737.0
113,766.0
114,749.0
115,697.0
116,676.0
117,690.0
118,663.0
119,712.0
120,639.0
121,691.0
122,658.0
123,583.0
124,618.0
125,640.0
126,604.0
127,605.0
128,591.0
129,598.0
130,577.0
131,587.0
132,582.0
133,543.0
134,566.0
135,572.0
136,564.0
137,519.0
138,540.0
139,533.0
140,513.0
141,543.0
142,537.0
143,505.0
144,526.0
145,499.0
146,514.0
147,462.0
148,504.0
149,462.0
150,498.0
151,473.0
152,398.0
153,429.0
154,461.0
155,453.0
156,446.0
157,432.0
158,445.0
159,443.0
160,416.0
161,415.0
162,410.0
163,405.0
164,389.0
165,401.0
166,378.0
167,366.0
168,399.0
169,421.0
170,402.0
171,417.0
172,369.0
173,351.0
174,370.0
175,388.0
176,372.0
177,355.0
178,362.0
179,334.0
180,362.0
181,323.0
182,351.0
183,336.0
184,305.0
185,327.0
186,330.0
187,318.0
188,324.0
189,302.0
190,327.0
191,318.0
192,336.0
193,311.0
194,288.0
195,293.0
196,282.0
197,320.0
198,319.0
199,271.0
200,260.0
201,306.0
202,284.0
203,292.0
204,286.0
205,289.0
206,259.0
207,263.0
208,276.0
209,270.0
210,290.0
211,276.0
212,233.0
213,286.0
214,239.0
215,265.0
216,258.0
217,267.0
218,253.0
219,268.0
220,259.0
221,227.0
222,237.0
223,251.0
224,227.0
225,232.0
226,225.0
227,239.0
228,225.0
229,242.0
230,239.0
231,204.0
232,225.0
233,211.0
234,216.0
235,218.0
236,222.0
237,240.0
238,222.0
239,234.0
240,230.0
241,203.0
242,206.0
243,206.0
244,206.0
245,223.0
246,209.0
247,199.0
248,201.0
249,217.0
250,200.0
251,207.0
252,174.0
253,199.0
254,189.0
255,174.0
256,192.0
257,208.0
258,211.0
259,191.0
260,175.0
261,189.0
262,166.0
263,177.0
264,171.0
265,179.0
266,192.0
267,160.0
268,189.0
269,155.0
270,175.0
271,185.0
272,177.0
273,163.0
274,172.0
275,134.0
276,158.0
277,160.0
278,180.0
279,156.0
280,163.0
281,171.0
282,157.0
283,172.0
284,115.0
285,195.0
286,147.0
287,137.0
288,165.0
289,136.0
290,162.0
291,147.0
292,138.0
293,157.0
294,132.0
295,123.0
296,129.0
297,121.0
298,162.0
299,129.0
300,122.0
301,142.0
302,130.0
303,151.0
304,128.0
305,132.0
306,137.0
307,170.0
308,122.0
309,139.0
310,121.0
311,128.0
312,115.0
313,133.0
314,130.0
315,120.0
316,132.0
317,136.0
318,126.0
319,108.0
320,122.0
321,125.0
322,120.0
323,129.0
324,105.0
325,116.0
326,120.0
327,119.0
328,106.0
329,122.0
330,110.0
331,104.0
332,126.0
333,102.0
334,111.0
335,98.0
336,116.0
337,123.0
338,114.0
339,133.0
340,115.0
341,111.0
342,111.0
343,123.0
344,104.0
345,112.0
346,102.0
347,107.0
348,120.0
349,97.0
350,102.0
351,78.0
352,86.0
353,110.0
354,100.0
355,106.0
356,86.0
357,110.0
358,106.0
359,89.0
360,100.0
361,113.0
362,99.0
363,88.0
364,87.0
365,83.0
366,105.0
367,80.0
368,93.0
369,85.0
370,76.0
371,111.0
372,83.0
373,78.0
374,107.0
375,94.0
376,94.0
377,79.0
378,82.0
379,82.0
380,91.0
381,68.0
382,89.0
383,74.0
384,99.0
385,85.0
386,110.0
387,95.0
388,97.0
389,93.0
390,74.0
391,79.0
392,71.0
393,102.0
394,85.0
395,79.0
396,81.0
397,68.0
398,75.0
399,70.0
400,74.0
401,85.0
402,78.0
403,81.0
404,79.0
405,88.0
406,82.0
407,76.0
408,73.0
409,88.0
410,76.0
411,85.0
412,80.0
413,66.0
414,71.0
415,76.0
416,71.0
417,56.0
418,68.0
419,75.0
420,64.0
421,82.0
422,70.0
423,70.0
424,57.0
425,69.0
426,69.0
427,55.0
428,55.0
429,72.0
430,57.0
431,74.0
432,63.0
433,59.0
434,70.0
435,66.0
436,62.0
437,66.0
438,70.0
439,61.0
440,53.0
441,56.0
442,50.0
443,64.0
444,63.0
445,66.0
446,65.0
447,62.0
448,56.0
449,75.0
450,59.0
451,79.0
452,62.0
453,72.0
454,53.0
455,63.0
456,58.0
457,57.0
458,60.0
459,50.0
460,67.0
461,53.0
462,53.0
463,61.0
464,59.0
465,61.0
466,65.0
467,61.0
468,63.0
469,53.0
470,56.0
471,52.0
472,70.0
473,65.0
474,44.0
475,53.0
476,69.0
477,62.0
478,55.0
479,61.0
480,63.0
481,52.0
482,39.0
483,42.0
484,59.0
485,58.0
486,60.0
487,54.0
488,57.0
489,64.0
490,52.0
491,41.0
492,40.0
493,46.0
494,46.0
495,45.0
496,56.0
497,43.0
498,65.0
499,54.0
500,40.0
501,43.0
502,52.0
503,43.0
504,49.0
505,43.0
506,54.0
507,44.0
508,58.0
509,48.0
510,47.0
511,48.0
512,52.0
513,52.0
514,33.0
515,39.0
516,46.0
517,44.0
518,68.0
519,52.0
520,53.0
521,40.0
522,56.0
523,56.0
524,38.0
525,41.0
526,41.0
527,36.0
528,52.0
529,54.0
530,34.0
531,46.0
532,34.0
533,34.0
534,36.0
535,40.0
536,43.0
537,38.0
538,33.0
539,49.0
540,44.0
541,46.0
542,38.0
543,37.0
544,53.0
545,40.0
546,39.0
547,38.0
548,41.0
549,40.0
550,42.0
551,33.0
552,43.0
553,39.0
554,40.0
555,32.0
556,41.0
557,46.0
558,40.0
559,53.0
560,43.0
561,31.0
562,37.0
563,40.0
564,40.0
565,28.0
566,44.0
567,39.0
568,26.0
569,23.0
570,38.0
571,38.0
572,30.0
573,39.0
574,40.0
575,52.0
576,36.0
577,33.0
578,42.0
579,30.0
580,41.0
581,31.0
582,28.0
583,36.0
584,26.0
585,33.0
586,41.0
587,36.0
588,33.0
589,34.0
590,32.0
591,34.0
592,30.0
593,28.0
594,32.0
595,36.0
596,28.0
597,33.0
598,37.0
599,41.0
600,41.0
601,32.0
602,39.0
603,43.0
604,27.0
605,32.0
606,36.0
607,36.0
608,33.0
609,35.0
610,42.0
611,30.0
612,25.0
613,46.0
614,30.0
615,32.0
616,35.0
617,42.0
618,36.0
619,28.0
620,31.0
621,32.0
622,31.0
623,19.0
624,33.0
625,32.0
626,35.0
627,36.0
628,38.0
629,44.0
630,27.0
631,30.0
632,32.0
633,26.0
634,39.0
635,34.0
636,31.0
637,30.0
638,23.0
639,36.0
640,28.0
641,35.0
642,23.0
643,22.0
644,25.0
645,30.0
646,30.0
647,30.0
648,38.0
649,27.0
650,27.0
651,29.0
652,27.0
653,28.0
654,25.0
655,27.0
656,20.0
657,23.0
658,32.0
659,25.0
660,29.0
661,28.0
662,28.0
663,38.0
664,37.0
665,23.0
666,29.0
667,31.0
668,22.0
669,21.0
670,25.0
671,22.0
672,23.0
673,29.0
674,24.0
675,23.0
676,20.0
677,19.0
678,23.0
679,30.0
680,25.0
681,22.0
682,26.0
683,15.0
684,28.0
685,21.0
686,28.0
687,31.0
688,17.0
689,38.0
690,19.0
691,21.0
692,16.0
693,22.0
694,28.0
695,28.0
696,23.0
697,19.0
698,30.0
699,26.0
700,21.0
701,25.0
702,22.0
703,22.0
704,36.0
705,26.0
706,27.0
707,25.0
708,18.0
709,17.0
710,23.0
711,21.0
712,13.0
713,23.0
714,23.0
715,21.0
716,15.0
717,29.0
718,27.0
719,15.0
720,17.0
721,19.0
722,29.0
723,17.0
724,17.0
725,17.0
726,15.0
727,16.0
728,21.0
729,29.0
730,24.0
731,21.0
732,15.0
733,19.0
734,12.0
735,20.0
736,16.0
737,23.0
738,23.0
739,32.0
740,19.0
741,23.0
742,18.0
743,20.0
744,19.0
745,19.0
746,19.0
747,31.0
748,24.0
749,14.0
750,17.0
751,18.0
752,23.0
753,20.0
754,23.0
755,23.0
756,31.0
757,20.0
758,18.0
759,18.0
760,20.0
761,26.0
762,24.0
763,19.0
764,18.0
765,20.0
766,22.0
767,14.0
768,11.0
769,13.0
770,18.0
771,20.0
772,14.0
773,20.0
774,19.0
775,16.0
776,20.0
777,19.0
778,12.0
779,22.0
780,16.0
781,24.0
782,16.0
783,17.0
784,27.0
785,19.0
786,16.0
787,18.0
788,11.0
789,20.0
790,20.0
791,16.0
792,21.0
793,25.0
794,16.0
795,23.0
796,19.0
797,16.0
798,16.0
799,14.0
800,21.0
801,19.0
802,21.0
803,17.0
804,17.0
805,16.0
806,13.0
807,14.0
808,13.0
809,12.0
810,16.0
811,13.0
812,12.0
813,19.0
814,19.0
815,14.0
816,16.0
817,12.0
818,9.0
819,12.0
820,13.0
821,21.0
822,18.0
823,11.0
824,18.0
825,17.0
826,12.0
827,12.0
828,14.0
829,17.0
830,11.0
831,10.0
832,17.0
833,26.0
834,16.0
835,21.0
836,10.0
837,20.0
838,19.0
839,16.0
840,19.0
841,18.0
842,14.0
843,16.0
844,15.0
845,19.0
846,9.0
847,10.0
848,20.0
849,23.0
850,10.0
851,20.0
852,25.0
853,11.0
854,13.0
855,7.0
856,21.0
857,14.0
858,20.0
859,21.0
860,10.0
861,17.0
862,16.0
863,12.0
864,10.0
865,15.0
866,14.0
867,12.0
868,13.0
869,22.0
870,14.0
871,21.0
872,7.0
873,11.0
874,11.0
875,14.0
876,13.0
877,14.0
878,11.0
879,9.0
880,10.0
881,12.0
882,9.0
883,9.0
884,12.0
885,11.0
886,11.0
887,17.0
888,10.0
889,11.0
890,13.0
891,10.0
892,13.0
893,14.0
894,29.0
895,19.0
896,15.0
897,15.0
898,14.0
899,18.0
900,9.0
901,11.0
902,10.0
903,13.0
904,12.0
905,13.0
906,12.0
907,18.0
908,15.0
909,19.0
910,18.0
911,11.0
912,12.0
913,11.0
914,12.0
915,17.0
916,14.0
917,17.0
918,10.0
919,9.0
920,5.0
921,10.0
922,11.0
923,7.0
924,13.0
925,8.0
926,11.0
927,7.0
928,12.0
929,14.0
930,8.0
931,14.0
932,15.0
933,12.0
934,16.0
935,8.0
936,13.0
937,9.0
938,14.0
939,3.0
940,15.0
941,12.0
942,14.0
943,9.0
944,13.0
945,13.0
946,6.0
947,8.0
948,12.0
949,13.0
950,9.0
951,9.0
952,3.0
953,10.0
954,14.0
955,6.0
956,7.0
957,4.0
958,12.0
959,8.0
960,7.0
961,11.0
962,8.0
963,7.0
964,19.0
965,15.0
966,13.0
967,13.0
968,12.0
969,10.0
970,9.0
971,6.0
972,11.0
973,10.0
974,9.0
975,6.0
976,9.0
977,10.0
978,12.0
979,11.0
980,14.0
981,13.0
982,11.0
983,16.0
984,5.0
985,8.0
986,10.0
987,14.0
988,4.0
989,6.0
990,10.0
991,11.0
992,8.0
993,16.0
994,8.0
995,9.0
996,11.0
997,10.0
998,6.0
999,9.0
1000,6.0
1001,9.0
1002,7.0
1003,7.0
1004,12.0
1005,12.0
1006,6.0
1007,11.0
1008,12.0
1009,13.0
1010,6.0
1011,4.0
1012,5.0
1013,6.0
1014,9.0
1015,10.0
1016,14.0
1017,11.0
1018,7.0
1019,9.0
1020,7.0
1021,2.0
1022,11.0
1023,6.0
1024,5.0
1025,11.0
1026,9.0
1027,8.0
1028,17.0
1029,7.0
1030,13.0
1031,11.0
1032,15.0
1033,9.0
1034,7.0
1035,9.0
1036,13.0
1037,13.0
1038,5.0
1039,14.0
1040,5.0
1041,10.0
1042,1.0
1043,2.0
1044,8.0
1045,8.0
1046,9.0
1047,6.0
1048,12.0
1049,9.0
1050,9.0
1051,8.0
1052,3.0
1053,13.0
1054,8.0
1055,10.0
1056,7.0
1057,4.0
1058,6.0
1059,11.0
1060,6.0
1061,9.0
1062,8.0
1063,9.0
1064,10.0
1065,16.0
1066,7.0
1067,8.0
1068,7.0
1069,10.0
1070,9.0
1071,7.0
1072,8.0
1073,11.0
1074,6.0
1075,8.0
1076,9.0
1077,8.0
1078,6.0
1079,8.0
1080,4.0
1081,4.0
1082,9.0
1083,7.0
1084,8.0
1085,4.0
1086,9.0
1087,12.0
1088,12.0
1089,8.0
1090,5.0
1091,3.0
1092,7.0
1093,7.0
1094,6.0
1095,12.0
1096,5.0
1097,6.0
1098,11.0
1099,5.0
1100,8.0
1101,8.0
1102,9.0
1103,8.0
1104,9.0
1105,10.0
1106,7.0
1107,7.0
1108,7.0
1109,8.0
1110,8.0
1111,4.0
1112,2.0
1113,9.0
1114,7.0
1115,9.0
1116,8.0
1117,11.0
1118,1.0
1119,11.0
1120,8.0
1121,12.0
1122,5.0
1123,8.0
1124,2.0
1125,5.0
1126,8.0
1127,6.0
1128,5.0
1129,3.0
1130,8.0
1131,3.0
1132,7.0
1133,11.0
1134,7.0
1135,6.0
1136,5.0
1137,7.0
1138,6.0
1139,3.0
1140,4.0
1141,10.0
1142,7.0
1143,4.0
1144,2.0
1145,10.0
1146,4.0
1147,6.0
1148,8.0
1149,10.0
1150,8.0
1151,5.0
1152,8.0
1153,5.0
1154,8.0
1155,8.0
1156,7.0
1157,7.0
1158,8.0
1159,6.0
1160,9.0
1161,6.0
1162,5.0
1163,6.0
1164,7.0
1165,5.0
1166,9.0
1167,12.0
1168,6.0
1169,11.0
1170,6.0
1171,6.0
1172,7.0
1173,9.0
1174,7.0
1175,9.0
1176,7.0
1177,4.0
1178,8.0
1179,7.0
1180,5.0
1181,8.0
1182,10.0
1183,3.0
1184,10.0
1185,5.0
1186,6.0
1187,8.0
1188,2.0
1189,5.0
1190,2.0
1191,7.0
1192,11.0
1193,13.0
1194,4.0
1195,7.0
1196,4.0
1197,5.0
1198,3.0
1199,6.0
1200,6.0
1201,7.0
1202,5.0
1203,8.0
1204,4.0
1205,6.0
1206,7.0
1207,1.0
1208,6.0
1209,4.0
1210,4.0
1211,6.0
1212,10.0
1213,4.0
1214,6.0
1215,5.0
1216,7.0
1217,6.0
1218,9.0
1219,8.0
1220,6.0
1221,3.0
1222,7.0
1223,7.0
1224,8.0
1225,7.0
1226,7.0
1227,2.0
1228,4.0
1229,4.0
1230,6.0
1231,4.0
1232,7.0
1233,8.0
1234,4.0
1235,5.0
1236,2.0
1237,9.0
1238,5.0
1239,5.0
1240,3.0
1241,4.0
1242,5.0
1243,6.0
1244,3.0
1245,8.0
1246,7.0
1247,6.0
1248,6.0
1249,8.0
1250,2.0
1251,7.0
1252,10.0
1253,7.0
1254,2.0
1255,9.0
1256,9.0
1257,5.0
1258,4.0
1259,5.0
1260,5.0
1261,7.0
1262,8.0
1263,6.0
1264,5.0
1265,4.0
1266,6.0
1267,1.0
1268,3.0
1269,3.0
1270,11.0
1271,5.0
1272,6.0
1273,9.0
1274,8.0
1275,3.0
1276,4.0
1277,4.0
1278,5.0
1279,6.0
1280,7.0
1281,7.0
1282,4.0
1284,5.0
1285,8.0
1286,5.0
1287,3.0
1288,8.0
1289,8.0
1290,1.0
1291,4.0
1292,4.0
1293,6.0
1294,2.0
1295,6.0
1296,5.0
1297,8.0
1298,3.0
1299,5.0
1300,4.0
1301,6.0
1302,3.0
1303,6.0
1304,3.0
1305,3.0
1306,3.0
1307,3.0
1308,4.0
1309,2.0
1310,8.0
1311,4.0
1312,7.0
1313,1.0
1315,4.0
1316,4.0
1317,4.0
1318,4.0
1319,6.0
1320,7.0
1321,1.0
1322,3.0
1323,5.0
1324,5.0
1325,5.0
1326,3.0
1327,8.0
1328,6.0
1329,6.0
1330,2.0
1331,3.0
1332,4.0
1333,5.0
1334,6.0
1335,4.0
1336,1.0
1337,5.0
1338,9.0
1339,2.0
1340,5.0
1341,5.0
1342,5.0
1343,4.0
1344,6.0
1345,4.0
1346,3.0
1347,4.0
1348,4.0
1349,4.0
1350,6.0
1351,4.0
1352,1.0
1353,4.0
1354,4.0
1355,2.0
1356,6.0
1357,2.0
1358,5.0
1359,5.0
1360,1.0
1361,4.0
1362,7.0
1363,4.0
1364,1.0
1365,5.0
1366,9.0
1367,7.0
1368,7.0
1369,5.0
1370,8.0
1371,4.0
1372,6.0
1373,2.0
1374,4.0
1375,6.0
1376,7.0
1378,3.0
1379,5.0
1380,7.0
1381,6.0
1382,1.0
1383,2.0
1384,3.0
1385,1.0
1386,2.0
1387,7.0
1388,4.0
1389,3.0
1390,6.0
1391,4.0
1392,2.0
1393,3.0
1394,4.0
1395,6.0
1396,2.0
1397,2.0
1398,2.0
1399,2.0
1400,3.0
1401,4.0
1402,4.0
1403,10.0
1404,7.0
1405,5.0
1406,3.0
1407,6.0
1408,4.0
1409,5.0
1410,4.0
1411,4.0
1412,4.0
1413,4.0
1414,5.0
1415,3.0
1416,3.0
1417,5.0
1418,6.0
1419,5.0
1420,8.0
1421,10.0
1422,4.0
1423,5.0
1424,4.0
1425,3.0
1427,5.0
1428,4.0
1429,5.0
1430,2.0
1431,5.0
1432,4.0
1433,2.0
1434,5.0
1435,2.0
1436,1.0
1437,4.0
1438,7.0
1439,6.0
1440,5.0
1441,4.0
1442,2.0
1443,4.0
1444,2.0
1445,4.0
1446,3.0
1447,5.0
1448,4.0
1449,1.0
1450,1.0
1451,6.0
1452,4.0
1453,1.0
1454,5.0
1455,3.0
1456,2.0
1457,3.0
1458,4.0
1459,3.0
1460,2.0
1461,4.0
1462,5.0
1463,4.0
1464,6.0
1465,2.0
1466,7.0
1467,6.0
1468,2.0
1470,4.0
1471,5.0
1472,1.0
1473,3.0
1474,2.0
1475,7.0
1476,4.0
1477,2.0
1478,3.0
1479,1.0
1480,4.0
1481,2.0
1482,6.0
1483,3.0
1484,2.0
1485,4.0
1486,3.0
1487,1.0
1488,2.0
1489,4.0
1490,4.0
1491,2.0
1492,3.0
1493,6.0
1494,5.0
1495,5.0
1496,4.0
1497,7.0
1498,5.0
1499,1.0
1500,2.0
1501,4.0
1502,5.0
1503,3.0
1504,2.0
1505,4.0
1506,2.0
1507,5.0
1508,3.0
1509,1.0
1510,1.0
1511,2.0
1512,2.0
1513,3.0
1514,6.0
1515,3.0
1516,1.0
1517,9.0
1518,2.0
1519,1.0
1520,4.0
1521,3.0
1522,5.0
1523,2.0
1524,5.0
1525,3.0
1527,4.0
1528,6.0
1529,3.0
1530,2.0
1532,2.0
1533,3.0
1534,7.0
1535,3.0
1536,3.0
1537,3.0
1538,4.0
1539,3.0
1540,4.0
1541,1.0
1542,5.0
1543,4.0
1544,9.0
1545,3.0
1546,3.0
1547,3.0
1548,5.0
1549,4.0
1550,2.0
1551,3.0
1552,7.0
1553,3.0
1554,4.0
1555,5.0
1556,5.0
1557,5.0
1558,3.0
1559,3.0
1560,5.0
1562,4.0
1563,5.0
1564,5.0
1565,5.0
1566,3.0
1567,3.0
1568,2.0
1569,5.0
1570,2.0
1571,4.0
1572,4.0
1574,2.0
1575,2.0
1576,1.0
1577,4.0
1578,2.0
1579,2.0
1580,1.0
1581,2.0
1582,3.0
1583,6.0
1584,5.0
1585,1.0
1586,2.0
1587,4.0
1588,5.0
1589,4.0
1590,2.0
1591,2.0
1592,3.0
1593,3.0
1595,3.0
1596,6.0
1597,3.0
1598,1.0
1599,4.0
1600,2.0
1601,2.0
1602,3.0
1603,2.0
1605,6.0
1606,5.0
1607,2.0
1608,2.0
1609,5.0
1611,3.0
1612,2.0
1613,2.0
1614,1.0
1615,1.0
1616,1.0
1617,5.0
1618,2.0
1619,2.0
1620,3.0
1621,4.0
1622,3.0
1623,4.0
1624,7.0
1625,2.0
1626,1.0
1627,2.0
1628,1.0
1629,3.0
1630,3.0
1631,1.0
1632,4.0
1633,2.0
1634,4.0
1635,3.0
1636,1.0
1637,5.0
1638,3.0
1639,3.0
1640,4.0
1641,1.0
1642,3.0
1643,4.0
1644,3.0
1645,1.0
1646,2.0
1647,4.0
1648,6.0
1649,2.0
1650,4.0
1651,7.0
1652,4.0
1653,5.0
1654,2.0
1655,3.0
1656,4.0
1657,2.0
1658,2.0
1659,1.0
1660,2.0
1661,1.0
1662,3.0
1663,2.0
1664,2.0
1665,1.0
1666,2.0
1667,4.0
1668,2.0
1669,1.0
1670,4.0
1671,7.0
1673,1.0
1674,1.0
1675,3.0
1676,2.0
1677,2.0
1678,1.0
1679,2.0
1680,1.0
1681,3.0
1682,4.0
1683,3.0
1684,1.0
1685,1.0
1686,7.0
1687,1.0
1688,3.0
1689,6.0
1690,4.0
1691,5.0
1692,3.0
1693,4.0
1695,4.0
1696,2.0
1697,2.0
1699,3.0
1700,3.0
1701,2.0
1702,3.0
1703,5.0
1704,1.0
1706,3.0
1707,2.0
1708,3.0
1709,1.0
1710,4.0
1711,4.0
1712,4.0
1713,2.0
1714,3.0
1715,3.0
1716,3.0
1717,4.0
1718,2.0
1719,2.0
1720,1.0
1721,1.0
1722,1.0
1723,3.0
1724,2.0
1725,2.0
1726,1.0
1727,3.0
1728,4.0
1729,2.0
1730,2.0
1731,5.0
1732,2.0
1733,3.0
1734,4.0
1735,3.0
1736,6.0
1737,4.0
1738,1.0
1739,1.0
1740,4.0
1741,1.0
1742,4.0
1743,1.0
1745,4.0
1746,3.0
1747,3.0
1748,1.0
1749,1.0
1750,3.0
1752,1.0
1753,2.0
1754,2.0
1755,1.0
1756,1.0
1757,2.0
1758,2.0
1759,1.0
1760,1.0
1761,2.0
1762,2.0
1763,3.0
1764,4.0
1765,1.0
1766,1.0
1767,2.0
1768,2.0
1769,1.0
1770,4.0
1771,2.0
1772,2.0
1773,2.0
1775,2.0
1777,3.0
1780,2.0
1781,1.0
1782,1.0
1783,2.0
1784,1.0
1785,3.0
1786,5.0
1787,2.0
1789,3.0
1790,6.0
1793,3.0
1794,3.0
1796,2.0
1797,1.0
1798,2.0
1799,1.0
1800,1.0
1801,2.0
1803,1.0
1804,1.0
1805,1.0
1806,2.0
1807,4.0
1808,1.0
1809,1.0
1810,4.0
1812,1.0
1815,1.0
1816,3.0
1818,5.0
1819,4.0
1821,3.0
1822,1.0
1823,4.0
1824,3.0
1825,2.0
1828,2.0
1829,2.0
1830,1.0
1832,4.0
1834,2.0
1835,4.0
1836,2.0
1837,2.0
1838,5.0
1839,3.0
1841,3.0
1843,1.0
1844,1.0
1845,4.0
1846,2.0
1847,2.0
1848,4.0
1849,3.0
1850,2.0
1851,3.0
1853,1.0
1855,3.0
1856,1.0
1857,4.0
1858,3.0
1859,2.0
1860,4.0
1861,2.0
1862,5.0
1863,2.0
1865,2.0
1867,3.0
1868,2.0
1869,3.0
1870,1.0
1871,3.0
1872,3.0
1873,2.0
1874,2.0
1875,4.0
1876,4.0
1877,3.0
1878,4.0
1879,1.0
1881,1.0
1882,2.0
1883,2.0
1884,3.0
1885,3.0
1886,3.0
1887,3.0
1888,2.0
1889,4.0
1890,2.0
1891,1.0
1893,3.0
1895,3.0
1896,1.0
1897,4.0
1899,1.0
1900,1.0
1901,4.0
1903,1.0
1904,2.0
1905,6.0
1906,2.0
1907,1.0
1908,1.0
1909,1.0
1910,1.0
1911,2.0
1912,1.0
1913,3.0
1914,3.0
1915,4.0
1916,5.0
1917,3.0
1918,1.0
1920,4.0
1921,1.0
1922,1.0
1923,1.0
1924,1.0
1927,3.0
1929,1.0
1930,2.0
1931,1.0
1932,3.0
1933,2.0
1934,5.0
1935,1.0
1937,5.0
1938,2.0
1939,1.0
1940,2.0
1941,3.0
1942,2.0
1944,2.0
1946,1.0
1947,1.0
1948,2.0
1949,2.0
1950,2.0
1951,2.0
1952,1.0
1953,3.0
1954,2.0
1955,2.0
1957,1.0
1960,1.0
1961,3.0
1963,2.0
1964,1.0
1965,1.0
1966,1.0
1967,1.0
1968,2.0
1969,2.0
1970,2.0
1972,1.0
1973,1.0
1974,2.0
1975,2.0
1976,2.0
1979,4.0
1981,1.0
1982,3.0
1983,2.0
1984,1.0
1985,2.0
1986,2.0
1987,1.0
1988,1.0
1989,1.0
1990,1.0
1991,2.0
1992,2.0
1994,1.0
1995,2.0
1996,1.0
1997,2.0
2000,1.0
2001,2.0
2002,1.0
2003,1.0
2004,2.0
2005,1.0
2006,4.0
2007,2.0
2008,1.0
2009,3.0
2010,2.0
2011,1.0
2012,1.0
2013,2.0
2014,2.0
2015,1.0
2016,1.0
2018,1.0
2019,2.0
2020,1.0
2023,2.0
2024,1.0
2026,2.0
2027,1.0
2028,5.0
2029,4.0
2030,2.0
2031,2.0
2033,2.0
2034,1.0
2035,1.0
2036,3.0
2037,1.0
2038,1.0
2039,1.0
2042,1.0
2043,2.0
2044,2.0
2046,1.0
2047,2.0
2048,1.0
2049,1.0
2051,3.0
2052,1.0
2053,3.0
2054,1.0
2055,2.0
2056,2.0
2057,2.0
2058,2.0
2059,1.0
2060,2.0
2061,2.0
2062,1.0
2063,2.0
2064,2.0
2065,3.0
2066,2.0
2068,2.0
2069,2.0
2070,1.0
2071,1.0
2072,2.0
2074,1.0
2075,1.0
2076,1.0
2077,1.0
2079,2.0
2080,1.0
2083,2.0
2085,3.0
2086,1.0
2087,1.0
2089,1.0
2090,3.0
2091,1.0
2092,1.0
2093,3.0
2094,1.0
2096,1.0
2097,3.0
2098,2.0
2101,2.0
2102,1.0
2104,3.0
2105,1.0
2106,4.0
2107,2.0
2108,1.0
2110,1.0
2112,1.0
2113,2.0
2114,1.0
2115,1.0
2116,1.0
2117,2.0
2118,2.0
2120,2.0
2123,2.0
2124,1.0
2125,2.0
2126,1.0
2128,1.0
2132,2.0
2133,1.0
2134,2.0
2136,1.0
2137,1.0
2138,3.0
2139,1.0
2140,1.0
2141,2.0
2143,1.0
2144,2.0
2145,1.0
2146,1.0
2147,1.0
2148,3.0
2149,1.0
2152,2.0
2153,2.0
2154,2.0
2157,1.0
2158,2.0
2159,1.0
2163,2.0
2164,3.0
2165,2.0
2167,1.0
2168,3.0
2169,1.0
2171,2.0
2173,1.0
2176,2.0
2177,1.0
2178,1.0
2179,3.0
2181,1.0
2182,1.0
2183,3.0
2184,1.0
2185,1.0
2186,1.0
2187,1.0
2190,3.0
2191,2.0
2195,1.0
2197,2.0
2202,1.0
2203,2.0
2205,1.0
2207,1.0
2209,3.0
2210,1.0
2211,1.0
2212,2.0
2214,1.0
2216,1.0
2218,1.0
2220,1.0
2222,1.0
2223,2.0
2224,2.0
2225,1.0
2227,2.0
2228,2.0
2229,1.0
2230,2.0
2231,3.0
2232,2.0
2235,3.0
2237,2.0
2238,1.0
2239,2.0
2241,1.0
2242,2.0
2243,3.0
2245,1.0
2246,1.0
2247,2.0
2248,1.0
2249,2.0
2251,1.0
2252,1.0
2253,3.0
2254,4.0
2255,2.0
2256,1.0
2257,2.0
2258,3.0
2259,1.0
2261,1.0
2262,1.0
2264,2.0
2265,2.0
2267,1.0
2268,2.0
2269,3.0
2273,1.0
2276,1.0
2277,1.0
2278,1.0
2279,1.0
2284,3.0
2285,1.0
2286,2.0
2288,1.0
2291,4.0
2292,1.0
2293,2.0
2294,1.0
2295,2.0
2296,1.0
2297,1.0
2299,1.0
2300,4.0
2304,2.0
2305,1.0
2306,1.0
2308,1.0
2309,2.0
2310,1.0
2311,2.0
2312,1.0
2313,1.0
2314,1.0
2315,2.0
2316,2.0
2317,3.0
2318,2.0
2321,1.0
2322,2.0
2324,1.0
2325,1.0
2326,2.0
2327,2.0
2328,1.0
2331,1.0
2332,1.0
2334,3.0
2337,2.0
2339,2.0
2340,4.0
2341,2.0
2343,1.0
2344,1.0
2346,2.0
2350,1.0
2354,1.0
2355,1.0
2356,1.0
2358,3.0
2359,1.0
2360,1.0
2362,2.0
2364,1.0
2365,2.0
2366,1.0
2367,1.0
2369,1.0
2370,1.0
2371,1.0
2374,1.0
2379,1.0
2380,1.0
2382,3.0
2383,1.0
2384,2.0
2386,1.0
2387,2.0
2388,1.0
2389,1.0
2390,2.0
2391,2.0
2392,1.0
2394,1.0
2395,2.0
2397,3.0
2398,3.0
2399,3.0
2403,2.0
2404,2.0
2405,1.0
2406,2.0
2407,1.0
2414,1.0
2415,2.0
2416,1.0
2417,1.0
2418,1.0
2419,3.0
2422,1.0
2424,1.0
2426,2.0
2427,1.0
2428,2.0
2429,1.0
2430,1.0
2431,1.0
2432,2.0
2433,1.0
2435,1.0
2436,3.0
2437,1.0
2439,1.0
2440,1.0
2442,1.0
2444,1.0
2445,1.0
2446,1.0
2448,3.0
2449,2.0
2451,2.0
2452,1.0
2454,1.0
2455,1.0
2456,1.0
2457,1.0
2458,1.0
2460,1.0
2461,1.0
2462,1.0
2464,1.0
2465,2.0
2468,1.0
2472,1.0
2474,2.0
2475,1.0
2476,1.0
2477,1.0
2479,2.0
2480,1.0
2481,1.0
2482,1.0
2484,1.0
2485,1.0
2486,1.0
2487,1.0
2489,1.0
2490,1.0
2491,1.0
2494,1.0
2497,2.0
2500,1.0
2501,2.0
2502,2.0
2503,1.0
2504,2.0
2511,4.0
2514,1.0
2515,1.0
2519,1.0
2520,2.0
2521,1.0
2522,1.0
2525,1.0
2526,1.0
2527,1.0
2529,3.0
2530,1.0
2532,2.0
2539,1.0
2540,1.0
2543,1.0
2545,2.0
2547,4.0
2548,1.0
2550,1.0
2552,1.0
2553,1.0
2554,1.0
2556,1.0
2559,3.0
2561,3.0
2562,1.0
2565,1.0
2566,1.0
2579,1.0
2580,1.0
2583,1.0
2586,2.0
2588,2.0
2589,1.0
2590,2.0
2591,2.0
2592,1.0
2594,1.0
2595,1.0
2597,2.0
2598,1.0
2603,1.0
2607,1.0
2609,2.0
2610,3.0
2611,2.0
2614,1.0
2615,1.0
2617,1.0
2618,1.0
2619,2.0
2621,1.0
2625,1.0
2626,1.0
2629,2.0
2630,1.0
2631,1.0
2633,2.0
2634,1.0
2635,1.0
2636,1.0
2637,1.0
2640,2.0
2642,2.0
2643,1.0
2644,2.0
2648,2.0
2649,2.0
2651,2.0
2653,2.0
2656,1.0
2658,1.0
2659,1.0
2661,2.0
2665,2.0
2667,1.0
2669,1.0
2670,1.0
2671,1.0
2672,2.0
2677,2.0
2678,3.0
2679,1.0
2680,2.0
2681,2.0
2682,1.0
2683,2.0
2684,3.0
2685,1.0
2686,1.0
2688,1.0
2689,1.0
2692,1.0
2694,1.0
2695,1.0
2696,1.0
2702,1.0
2705,1.0
2706,1.0
2709,1.0
2710,1.0
2712,1.0
2713,3.0
2717,1.0
2721,2.0
2723,1.0
2724,1.0
2726,1.0
2727,2.0
2729,1.0
2732,1.0
2735,1.0
2740,1.0
2742,1.0
2744,1.0
2745,1.0
2752,1.0
2756,1.0
2758,1.0
2759,1.0
2760,2.0
2763,1.0
2764,1.0
2765,1.0
2766,2.0
2768,1.0
2770,1.0
2773,1.0
2775,1.0
2777,1.0
2781,2.0
2782,1.0
2783,1.0
2785,4.0
2786,2.0
2787,1.0
2788,1.0
2791,1.0
2793,1.0
2794,1.0
2798,1.0
2799,2.0
2800,1.0
2802,1.0
2805,1.0
2807,1.0
2808,1.0
2812,1.0
2813,1.0
2814,2.0
2817,1.0
2818,1.0
2823,1.0
2826,2.0
2827,2.0
2828,1.0
2833,1.0
2837,1.0
2839,1.0
2840,2.0
2842,2.0
2844,2.0
2845,1.0
2846,1.0
2848,1.0
2849,1.0
2850,1.0
2852,1.0
2855,2.0
2858,1.0
2859,1.0
2861,1.0
2863,2.0
2865,1.0
2877,1.0
2878,2.0
2879,1.0
2884,1.0
2886,3.0
2887,1.0
2892,2.0
2893,1.0
2895,1.0
2897,1.0
2899,1.0
2900,1.0
2903,1.0
2906,1.0
2908,1.0
2909,1.0
2911,1.0
2915,2.0
2916,1.0
2918,1.0
2919,1.0
2922,1.0
2927,2.0
2928,1.0
2932,1.0
2934,2.0
2935,2.0
2938,1.0
2939,1.0
2942,1.0
2944,2.0
2950,3.0
2957,1.0
2958,1.0
2959,1.0
2960,2.0
2968,1.0
2970,1.0
2971,1.0
2975,1.0
2978,1.0
2980,1.0
2983,1.0
2984,1.0
2986,3.0
2988,2.0
2991,2.0
2992,2.0
2994,1.0
2996,1.0
2998,1.0
3003,2.0
3004,2.0
3007,1.0
3009,1.0
3010,1.0
3016,1.0
3017,1.0
3019,1.0
3020,3.0
3021,1.0
3023,1.0
3024,1.0
3027,1.0
3029,2.0
3031,1.0
3033,1.0
3034,2.0
3036,1.0
3047,2.0
3056,1.0
3059,1.0
3060,1.0
3062,1.0
3064,3.0
3065,1.0
3070,1.0
3072,1.0
3073,2.0
3082,1.0
3083,1.0
3084,1.0
3088,2.0
3091,1.0
3092,1.0
3095,1.0
3105,1.0
3108,2.0
3109,2.0
3111,1.0
3112,1.0
3114,1.0
3116,1.0
3122,1.0
3125,1.0
3126,1.0
3128,1.0
3139,1.0
3140,1.0
3150,1.0
3153,1.0
3154,1.0
3155,1.0
3164,1.0
3165,1.0
3166,1.0
3182,1.0
3188,2.0
3190,1.0
3191,1.0
3199,1.0
3200,1.0
3201,1.0
3203,1.0
3211,1.0
3219,1.0
3220,2.0
3223,2.0
3224,1.0
3226,1.0
3233,2.0
3234,2.0
3243,1.0
3248,1.0
3249,1.0
3250,1.0
3251,1.0
3252,1.0
3257,3.0
3260,1.0
3262,1.0
3266,2.0
3270,1.0
3279,1.0
3280,1.0
3283,1.0
3287,1.0
3289,1.0
3292,1.0
3297,1.0
3300,1.0
3307,1.0
3308,1.0
3312,1.0
3313,2.0
3316,1.0
3317,3.0
3326,1.0
3330,1.0
3334,1.0
3343,1.0
3348,1.0
3351,1.0
3353,1.0
3355,1.0
3358,1.0
3360,2.0
3363,1.0
3365,2.0
3369,1.0
3371,1.0
3375,1.0
3383,1.0
3384,2.0
3388,1.0
3389,1.0
3390,1.0
3393,1.0
3401,1.0
3406,1.0
3412,1.0
3421,2.0
3435,1.0
3437,1.0
3440,2.0
3454,1.0
3455,1.0
3462,1.0
3465,1.0
3466,1.0
3476,1.0
3480,1.0
3487,1.0
3488,1.0
3492,1.0
3493,1.0
3494,1.0
3496,1.0
3498,1.0
3499,1.0
3502,1.0
3505,1.0
3506,1.0
3508,1.0
3509,1.0
3514,1.0
3520,1.0
3524,1.0
3527,1.0
3528,1.0
3529,1.0
3538,1.0
3541,1.0
3552,1.0
3554,1.0
3561,1.0
3567,1.0
3583,1.0
3588,1.0
3594,1.0
3596,1.0
3603,1.0
3604,1.0
3605,1.0
3607,1.0
3610,1.0
3613,1.0
3614,1.0
3619,1.0
3621,1.0
3622,1.0
3626,1.0
3628,1.0
3634,1.0
3638,1.0
3643,1.0
3647,1.0
3648,2.0
3650,1.0
3652,1.0
3653,1.0
3654,1.0
3669,1.0
3670,2.0
3674,1.0
3678,1.0
3682,1.0
3686,1.0
3691,1.0
3692,1.0
3694,1.0
3695,1.0
3697,2.0
3699,1.0
3700,1.0
3706,1.0
3710,3.0
3713,1.0
3718,1.0
3719,1.0
3722,1.0
3724,1.0
3727,1.0
3731,1.0
3740,1.0
3744,1.0
3747,2.0
3750,2.0
3751,1.0
3754,1.0
3759,2.0
3766,1.0
3780,1.0
3782,1.0
3793,2.0
3799,1.0
3802,1.0
3804,1.0
3810,1.0
3815,1.0
3818,1.0
3825,1.0
3826,1.0
3827,1.0
3831,1.0
3832,1.0
3839,1.0
3840,1.0
3846,1.0
3858,1.0
3859,1.0
3860,1.0
3868,1.0
3881,1.0
3886,1.0
3888,1.0
3891,2.0
3904,1.0
3908,1.0
3911,1.0
3916,1.0
3935,1.0
3936,1.0
3937,1.0
3942,1.0
3944,1.0
3952,1.0
3959,1.0
3965,1.0
3967,1.0
3971,2.0
3974,1.0
3988,1.0
3990,1.0
3991,1.0
3993,1.0
3995,2.0
3997,1.0
3999,1.0
4000,2.0
4002,1.0
4027,1.0
4032,1.0
4048,1.0
4053,1.0
4056,1.0
4071,1.0
4072,1.0
4073,1.0
4078,1.0
4081,1.0
4088,1.0
4090,1.0
4092,1.0
4100,1.0
4102,1.0
4104,1.0
4116,1.0
4119,2.0
4121,1.0
4124,1.0
4138,1.0
4139,1.0
4150,1.0
4155,1.0
4157,1.0
4170,1.0
4177,1.0
4180,2.0
4185,1.0
4187,1.0
4189,1.0
4192,1.0
4203,1.0
4212,1.0
4213,1.0
4219,1.0
4221,1.0
4227,1.0
4234,1.0
4237,1.0
4240,1.0
4243,2.0
4246,1.0
4249,1.0
4252,1.0
4284,1.0
4290,1.0
4295,1.0
4303,1.0
4315,1.0
4316,1.0
4324,1.0
4325,1.0
4326,1.0
4331,1.0
4348,1.0
4350,1.0
4351,1.0
4364,1.0
4368,1.0
4376,1.0
4379,1.0
4396,1.0
4405,1.0
4421,1.0
4422,1.0
4423,1.0
4438,1.0
4463,1.0
4485,1.0
4496,1.0
4500,1.0
4512,1.0
4540,1.0
4556,1.0
4566,1.0
4569,1.0
4570,1.0
4577,1.0
4582,1.0
4583,1.0
4598,1.0
4600,1.0
4620,1.0
4624,2.0
4637,1.0
4639,1.0
4661,1.0
4663,1.0
4668,1.0
4683,1.0
4694,1.0
4703,1.0
4715,1.0
4720,1.0
4740,1.0
4745,1.0
4753,1.0
4760,1.0
4761,1.0
4767,1.0
4781,1.0
4789,1.0
4816,1.0
4826,1.0
4833,1.0
4840,1.0
4854,1.0
4858,1.0
4868,1.0
4892,1.0
4907,1.0
4921,1.0
4926,1.0
4937,1.0
4939,1.0
4952,1.0
4960,1.0
4963,1.0
4972,1.0
4976,1.0
4985,1.0
5000,1.0
5003,1.0
5029,1.0
5037,1.0
5049,1.0
5058,1.0
5093,1.0
5105,1.0
5108,1.0
5116,1.0
5122,1.0
5138,1.0
5140,1.0
5153,1.0
5177,1.0
5196,1.0
5212,1.0
5213,1.0
5217,1.0
5220,1.0
5228,1.0
5241,1.0
5260,1.0
5279,1.0
5283,1.0
5292,1.0
5337,1.0
5347,1.0
5349,1.0
5430,1.0
5438,1.0
5523,1.0
5529,1.0
5537,1.0
5539,1.0
5564,1.0
5576,1.0
5592,1.0
5593,1.0
5599,1.0
5602,1.0
5614,1.0
5619,1.0
5663,1.0
5697,1.0
5698,1.0
5754,1.0
5772,1.0
5778,1.0
5788,1.0
5796,1.0
5797,1.0
5798,1.0
5803,1.0
5826,1.0
5855,1.0
5859,1.0
5864,1.0
5894,1.0
5955,1.0
5976,1.0
6011,1.0
6018,1.0
6043,1.0
6068,1.0
6081,1.0
6089,1.0
6112,1.0
6116,1.0
6118,1.0
6123,1.0
6153,1.0
6156,1.0
6180,1.0
6191,1.0
6230,1.0
6243,1.0
6267,1.0
6276,1.0
6283,1.0
6293,1.0
6323,1.0
6368,1.0
6370,1.0
6398,1.0
6440,1.0
6449,1.0
6461,1.0
6481,1.0
6497,1.0
6519,1.0
6520,1.0
6524,1.0
6554,1.0
6628,1.0
6645,1.0
6664,1.0
6667,1.0
6694,1.0
6732,1.0
6746,1.0
6749,1.0
6800,1.0
6825,1.0
6839,1.0
6899,1.0
6952,1.0
6965,1.0
7018,1.0
7052,1.0
7087,1.0
7163,1.0
7181,1.0
7240,1.0
7329,1.0
7378,2.0
7432,1.0
7484,1.0
7501,1.0
7507,1.0
7525,1.0
7532,1.0
7596,1.0
7603,1.0
7610,1.0
7627,1.0
7692,1.0
7696,1.0
7771,1.0
7788,1.0
7812,1.0
7872,1.0
7878,1.0
7887,1.0
8023,1.0
8034,1.0
8040,1.0
8045,1.0
8053,1.0
8089,1.0
8149,1.0
8163,1.0
8226,1.0
8243,1.0
8252,1.0
8325,1.0
8378,1.0
8470,1.0
8546,1.0
8652,1.0
8756,1.0
8757,1.0
8977,1.0
9034,1.0
9112,1.0
9114,1.0
9178,1.0
9252,1.0
9256,1.0
9366,1.0
9607,1.0
9673,1.0
9763,1.0
9949,1.0
9964,1.0
10012,1.0
10143,1.0
10144,1.0
10239,1.0
10372,1.0
10397,1.0
10424,1.0
10449,1.0
10459,1.0
10608,1.0
10636,1.0
11136,1.0
11227,1.0
11266,1.0
11439,1.0
11755,1.0
11772,1.0
11773,1.0
12131,1.0
12224,1.0
12226,1.0
12377,1.0
12586,1.0
12588,1.0
12686,1.0
13103,1.0
13622,1.0
16356,1.0
17157,1.0
19024,1.0
