908190000_Scotland1ROBOT,908190000
828767000_Cambridge1ROBOT,828767000
568954001_Deal1ROBOT,568954001
21081002_Kidlington1ROBOT,21081002
224295002_Valley1ROBOT,224295002
44699005_Donegal1ROBOT,44699005
470456007_Grantham1ROBOT,470456007
1165468009_Crayford1ROBOT,1165468009
1676287009_Nairn1ROBOT,1676287009
63287010_Cambuslang1ROBOT,63287010
416957011_Cliffs End1ROBOT,416957011
416957011_Margate2ROBOT,416957011
294220012_South East1ROBOT,294220012
96873013_Leeds1ROBOT,96873013
474106014_Luncarty1ROBOT,474106014
1037157014_South Shields1ROBOT,1037157014
494209014_Dutton1ROBOT,494209014
95518015_Porthmadog1ROBOT,95518015
1613157019_Harrogate1ROBOT,1613157019
268488019_Gateshead1ROBOT,268488019
2356699023_Aberaman1ROBOT,2356699023
2356699023_Aberaman2ROBOT,2356699023
825309024_Northern Ireland1ROBOT,825309024
282268025_Whitley Bay1ROBOT,282268025
105145026_East Midlands1ROBOT,105145026
1675926026_Ayr1ROBOT,1675926026
914947027_Consett1ROBOT,914947027
440238027_Harefield1ROBOT,440238027
59230030_Hillingdon1ROBOT,59230030
59230030_Hillingdon2ROBOT,59230030
85595030_South West1ROBOT,85595030
57075030_Wales1ROBOT,57075030
57075030_Wales2ROBOT,57075030
582106032_Cork1ROBOT,582106032
593756033_Guildford1ROBOT,593756033
2411234034_West Midlands1ROBOT,2411234034
285252035_South West1ROBOT,285252035
1628005038_Northern Ireland1ROBOT,1628005038
269482043_Caldicot1ROBOT,269482043
2350398043_Great Malvern1ROBOT,2350398043
1220001044_Huddersfield1ROBOT,1220001044
32515044_Chapel Row1ROBOT,32515044
14316045_Ballingry1ROBOT,14316045
14316045_Ballingry2ROBOT,14316045
186536046_Falkirk1ROBOT,186536046
794047_Tottenham1ROBOT,794047
22279048_South West1ROBOT,22279048
882685050_North West1ROBOT,882685050
1455473052_Johnstone1ROBOT,1455473052
266217053_Dublin City1ROBOT,266217053
829793053_Queensferry1ROBOT,829793053
89494055_Inverkeithing1ROBOT,89494055
456029057_Dinas Powys1ROBOT,456029057
429279058_Dalbeattie1ROBOT,429279058
326087059_Yeovil1ROBOT,326087059
542671060_South East1ROBOT,542671060
605777060_West Meath1ROBOT,605777060
28881062_West Meath1ROBOT,28881062
2818387062_South East1ROBOT,2818387062
2818387062_South East2ROBOT,2818387062
1029454063_Walton-le-Dale1ROBOT,1029454063
1354472064_Birmingham1ROBOT,1354472064
1630976066_Roscommon1ROBOT,1630976066
1004438070_Brighton1ROBOT,1004438070
334651070_Cork1ROBOT,334651070
208337071_Cork1ROBOT,208337071
149576071_Willington1ROBOT,149576071
19473072_East1ROBOT,19473072
19473072_East2ROBOT,19473072
101440077_Woodley1ROBOT,101440077
594692077_Kempley1ROBOT,594692077
1697787078_Middleton1ROBOT,1697787078
1006380079_Wallsend1ROBOT,1006380079
421065080_Leicester1ROBOT,421065080
199376081_London1ROBOT,199376081
199376081_London2ROBOT,199376081
240828081_North Tipperary1ROBOT,240828081
240828081_North Tipperary2ROBOT,240828081
2157720081_Milton Keynes1ROBOT,2157720081
221070084_Pontefract1ROBOT,221070084
2601647086_Eastbourne1ROBOT,2601647086
901600086_Bradford1ROBOT,901600086
80359087_Millport1ROBOT,80359087
788196090_Whyteleafe1ROBOT,788196090
175695091_North West1ROBOT,175695091
300196093_Cupar1ROBOT,300196093
1102004094_West Midlands1ROBOT,1102004094
21995098_North East1ROBOT,21995098
21995098_North East2ROBOT,21995098
2731041100_Trowbridge1ROBOT,2731041100
1195264100_Donegal1ROBOT,1195264100
77271101_Torbay1ROBOT,77271101
1034874104_Alston1ROBOT,1034874104
270262107_Kensington1ROBOT,270262107
1876556108_Cork1ROBOT,1876556108
160935110_Lewisham1ROBOT,160935110
67035111_Hurstpierpoint1ROBOT,67035111
1245175111_Balnapaling1ROBOT,1245175111
199493111_Birmingham1ROBOT,199493111
522469113_Maidstone1ROBOT,522469113
2326892117_Totland1ROBOT,2326892117
537927119_Chester1ROBOT,537927119
37952119_Scarborough1ROBOT,37952119
22515120_Capel-le-Ferne1ROBOT,22515120
2196859120_Dewsbury1ROBOT,2196859120
309645121_Wishaw1ROBOT,309645121
108009121_Louth1ROBOT,108009121
108009121_Louth2ROBOT,108009121
1498622124_Newsham1ROBOT,1498622124
213414125_Gomeldon1ROBOT,213414125
171658127_Runcorn1ROBOT,171658127
637191127_High Newton-by-the-Sea1ROBOT,637191127
65458127_Cullingworth1ROBOT,65458127
461309128_South West1ROBOT,461309128
36697129_Great Barton1ROBOT,36697129
269445132_Hillside1ROBOT,269445132
249300135_Warrington1ROBOT,249300135
99574136_Deal1ROBOT,99574136
1536106136_West Midlands1ROBOT,1536106136
21855139_Lambeth1ROBOT,21855139
766089140_Scotland1ROBOT,766089140
2507992141_Romford1ROBOT,2507992141
285322141_Aberaman1ROBOT,285322141
513273142_Adwick le Street1ROBOT,513273142
23048142_Burgess Hill1ROBOT,23048142
576221145_Moulton1ROBOT,576221145
80291145_Bessacarr1ROBOT,80291145
280048146_Scotland1ROBOT,280048146
315946146_Enfield1ROBOT,315946146
372500147_Northern Ireland1ROBOT,372500147
105687150_Liverpool1ROBOT,105687150
105687150_Liverpool2ROBOT,105687150
1961086152_Islington1ROBOT,1961086152
294275154_Doncaster1ROBOT,294275154
617565155_Croydon1ROBOT,617565155
237863156_Plymouth1ROBOT,237863156
59508158_Patchway1ROBOT,59508158
284733158_Cowdenbeath1ROBOT,284733158
367022159_Hullbridge1ROBOT,367022159
139715159_Taverham1ROBOT,139715159
182753160_Llanelli1ROBOT,182753160
34163_Gwaenysgor1ROBOT,34163
34163_Gwaenysgor2ROBOT,34163
2742332164_Sutton1ROBOT,2742332164
243212169_Edinburgh1ROBOT,243212169
564438172_Tilbury1ROBOT,564438172
2170089172_North West1ROBOT,2170089172
790814173_Glasgow1ROBOT,790814173
790814173_Glasgow2ROBOT,790814173
2449953174_Nottingham1ROBOT,2449953174
715989176_Cardiff1ROBOT,715989176
577478176_Crossgates1ROBOT,577478176
337229177_Saint Albans1ROBOT,337229177
337229177_Saint Albans2ROBOT,337229177
366132177_Annesley1ROBOT,366132177
291849177_Bursledon1ROBOT,291849177
742841178_Stoke-on-Trent1ROBOT,742841178
742841178_Stoke-on-Trent2ROBOT,742841178
1465519178_Dewsbury1ROBOT,1465519178
95521178_East Midlands1ROBOT,95521178
2523627179_Manchester1ROBOT,2523627179
295302181_Saint Albans1ROBOT,295302181
1700251182_Newbridge1ROBOT,1700251182
604803186_Frome1ROBOT,604803186
585549188_Kingswood1ROBOT,585549188
585549188_Kingswood2ROBOT,585549188
18898188_Cumnock1ROBOT,18898188
214568192_Bristol1ROBOT,214568192
214568192_Bristol2ROBOT,214568192
897690194_Lhanbryde1ROBOT,897690194
472319197_South East1ROBOT,472319197
221939197_Glasgow1ROBOT,221939197
1445384198_Liverpool1ROBOT,1445384198
58079198_Northern Ireland1ROBOT,58079198
20819199_Kildare1ROBOT,20819199
32349200_Wicklow1ROBOT,32349200
106582203_Cork1ROBOT,106582203
1331696203_Maidstone1ROBOT,1331696203
235164203_North East1ROBOT,235164203
235164203_North East2ROBOT,235164203
2522135204_Bailiwick of Guernsey1ROBOT,2522135204
242063205_East1ROBOT,242063205
1576086205_Harwich1ROBOT,1576086205
303421206_Tranent1ROBOT,303421206
45661208_North West1ROBOT,45661208
45661208_North West2ROBOT,45661208
365621211_Oldham1ROBOT,365621211
430166212_Glasgow1ROBOT,430166212
1089877212_West Midlands1ROBOT,1089877212
2421047213_Studland1ROBOT,2421047213
125581214_Reading1ROBOT,125581214
125581214_Reading2ROBOT,125581214
61995215_Paisley1ROBOT,61995215
2340134217_Holme Next the Sea1ROBOT,2340134217
449071218_Scotland1ROBOT,449071218
238682218_Easington1ROBOT,238682218
1331126220_North West1ROBOT,1331126220
340231222_Ringwood1ROBOT,340231222
93697225_Battle1ROBOT,93697225
93697225_Battle2ROBOT,93697225
397355225_Donegal1ROBOT,397355225
397355225_Donegal2ROBOT,397355225
903112226_London1ROBOT,903112226
19330227_Preston1ROBOT,19330227
19330227_North West2ROBOT,19330227
358311229_South West1ROBOT,358311229
1000445232_Harlow1ROBOT,1000445232
473396238_Louth1ROBOT,473396238
1096285238_Manchester1ROBOT,1096285238
2569219239_Northern Ireland1ROBOT,2569219239
2569219239_Northern Ireland2ROBOT,2569219239
41204240_Camborne1ROBOT,41204240
41204240_Camborne2ROBOT,41204240
535752241_Portadown1ROBOT,535752241
231059243_Sadberge1ROBOT,231059243
20843245_Edinburgh1ROBOT,20843245
342009246_Cardiff1ROBOT,342009246
79782247_Lochgelly1ROBOT,79782247
101099247_Falkirk1ROBOT,101099247
14394248_Roscommon1ROBOT,14394248
52833248_East Midlands1ROBOT,52833248
52833248_East Midlands2ROBOT,52833248
576499250_Newtongrange1ROBOT,576499250
178019251_London1ROBOT,178019251
178019251_Oxford2ROBOT,178019251
1170128251_London1ROBOT,1170128251
23114251_Bromley1ROBOT,23114251
1215056252_Bungay1ROBOT,1215056252
387577253_Sedgeberrow1ROBOT,387577253
2312831253_Barry1ROBOT,2312831253
394996255_Edinburgh1ROBOT,394996255
740261256_Pollington1ROBOT,740261256
879727256_Cowdenbeath1ROBOT,879727256
219369256_Hillingdon1ROBOT,219369256
28160256_Midsomer Norton1ROBOT,28160256
2323928257_Alford1ROBOT,2323928257
2323928257_Alford2ROBOT,2323928257
81872257_Carnoustie1ROBOT,81872257
244737258_Wednesfield1ROBOT,244737258
2297565259_Birdwell1ROBOT,2297565259
326750259_Monaghan1ROBOT,326750259
326750259_Monaghan2ROBOT,326750259
65398264_Yorkshire and The Humber1ROBOT,65398264
595547264_Darvel1ROBOT,595547264
1330109264_London1ROBOT,1330109264
295836265_Offaly1ROBOT,295836265
23544265_Bury1ROBOT,23544265
2432164267_Newcastle Upon Tyne1ROBOT,2432164267
29417267_Belfast1ROBOT,29417267
29417267_Belfast2ROBOT,29417267
26072268_Avening1ROBOT,26072268
814831268_Gairloch1ROBOT,814831268
86363269_Wales1ROBOT,86363269
574338269_South West1ROBOT,574338269
574338269_Falmouth2ROBOT,574338269
496185269_West Meath1ROBOT,496185269
496185269_West Meath2ROBOT,496185269
42236271_Kettering1ROBOT,42236271
2747258271_Hillingdon1ROBOT,2747258271
566329272_South West1ROBOT,566329272
585150273_Purton1ROBOT,585150273
1080599275_Cardiff1ROBOT,1080599275
2218478276_Birmingham1ROBOT,2218478276
600201279_Sutton Courtenay1ROBOT,600201279
464743279_Crosslee1ROBOT,464743279
464743279_Crosslee2ROBOT,464743279
1324351280_Scotland1ROBOT,1324351280
220380281_Glasgow1ROBOT,220380281
220380281_Glasgow2ROBOT,220380281
72393282_Downs1ROBOT,72393282
721243283_Barnardtown1ROBOT,721243283
721243283_Barnardtown2ROBOT,721243283
503778284_Saint Brelade1ROBOT,503778284
1450927285_South Shields1ROBOT,1450927285
615484286_Gravesend1ROBOT,615484286
113720286_Manchester1ROBOT,113720286
199443287_Barmby Moor1ROBOT,199443287
772263290_Cork1ROBOT,772263290
2158323291_Wilmslow1ROBOT,2158323291
2158323291_Wilmslow2ROBOT,2158323291
575588291_Hove1ROBOT,575588291
499970295_Paddington1ROBOT,499970295
499970295_Paddington2ROBOT,499970295
569354296_Polruan1ROBOT,569354296
612618297_Poplar1ROBOT,612618297
1277554297_Kilkenny1ROBOT,1277554297
525853298_Birmingham1ROBOT,525853298
266097300_Liverpool1ROBOT,266097300
2164149303_Salford1ROBOT,2164149303
634495303_Clare1ROBOT,634495303
634495303_Clare2ROBOT,634495303
423627305_Belfast1ROBOT,423627305
423627305_Belfast2ROBOT,423627305
969881305_Biggin1ROBOT,969881305
15341306_Rhyl1ROBOT,15341306
212731308_Liverpool1ROBOT,212731308
346669309_Tamworth1ROBOT,346669309
493217310_East Linton1ROBOT,493217310
318637311_North West1ROBOT,318637311
457444312_Aveley1ROBOT,457444312
463800317_Rushden1ROBOT,463800317
261587318_Endmoor1ROBOT,261587318
2298473318_Forest Hill1ROBOT,2298473318
2530763320_Barnsley1ROBOT,2530763320
251084320_Laois1ROBOT,251084320
275075320_Tottenham1ROBOT,275075320
312996321_New Alyth1ROBOT,312996321
1511723324_Nottingham1ROBOT,1511723324
2430736325_East1ROBOT,2430736325
2430736325_East2ROBOT,2430736325
740749326_Portsmouth1ROBOT,740749326
182318327_Huddersfield1ROBOT,182318327
1414994328_Northern Ireland1ROBOT,1414994328
1414994328_Northern Ireland2ROBOT,1414994328
65866328_Scotland1ROBOT,65866328
528769328_Wales1ROBOT,528769328
865245330_Scotland1ROBOT,865245330
614383331_Stoke-on-Trent1ROBOT,614383331
956277332_Attleborough1ROBOT,956277332
956277332_Attleborough2ROBOT,956277332
762574333_Baginton1ROBOT,762574333
232896333_Kirkcudbright1ROBOT,232896333
898013335_Brampton1ROBOT,898013335
37240337_Liverpool1ROBOT,37240337
50083338_Sheffield1ROBOT,50083338
304296339_Fraserburgh1ROBOT,304296339
309126339_Prestonpans1ROBOT,309126339
205647340_Sheffield1ROBOT,205647340
386624341_Aldershot1ROBOT,386624341
470296342_East1ROBOT,470296342
264653344_Cambridge1ROBOT,264653344
421058344_Tottenham1ROBOT,421058344
2276753346_Esher1ROBOT,2276753346
254272351_Saint Helier1ROBOT,254272351
249246351_Bristol1ROBOT,249246351
92097355_Kilmaurs1ROBOT,92097355
548317356_Hawick1ROBOT,548317356
1589845357_Whittlesey1ROBOT,1589845357
1115095358_Okehampton1ROBOT,1115095358
866981359_Camberwell1ROBOT,866981359
2563505361_Basildon1ROBOT,2563505361
317396362_Northern Ireland1ROBOT,317396362
2559106365_Rochester1ROBOT,2559106365
205405365_Hartpury1ROBOT,205405365
208916368_Dundee1ROBOT,208916368
86699368_Wales1ROBOT,86699368
19089369_Brighton1ROBOT,19089369
1006918374_Harrow1ROBOT,1006918374
237222374_Pitmedden1ROBOT,237222374
368346375_South Shields1ROBOT,368346375
1250202378_Coatbridge1ROBOT,1250202378
1250202378_Coatbridge2ROBOT,1250202378
573953379_Southampton1ROBOT,573953379
293981380_Scotland1ROBOT,293981380
2670247381_Atherton1ROBOT,2670247381
398912382_Glasgow1ROBOT,398912382
1424365382_Bradford1ROBOT,1424365382
636590384_Fauldhouse1ROBOT,636590384
17675384_Saint Albans1ROBOT,17675384
17675384_Saint Albans2ROBOT,17675384
92854387_Sheffield1ROBOT,92854387
491291388_Londonderry1ROBOT,491291388
537498390_Wednesfield1ROBOT,537498390
416253392_Kirkcudbright1ROBOT,416253392
603262392_Northern Ireland1ROBOT,603262392
121202392_Halewood1ROBOT,121202392
1854899394_Chorlton1ROBOT,1854899394
255165394_Exeter1ROBOT,255165394
2304976398_Patna1ROBOT,2304976398
46722399_North West1ROBOT,46722399
462993402_Scotland1ROBOT,462993402
543281403_Louth1ROBOT,543281403
543281403_Louth2ROBOT,543281403
256422404_Newport1ROBOT,256422404
411516404_Haydock1ROBOT,411516404
437787406_West Midlands1ROBOT,437787406
563093407_Bristol1ROBOT,563093407
488669407_Offaly1ROBOT,488669407
336473409_Llandysul1ROBOT,336473409
172798412_Aberavon1ROBOT,172798412
48677413_Blackburn1ROBOT,48677413
2333829414_Lewisham1ROBOT,2333829414
309195415_Rotherham1ROBOT,309195415
309195415_Rotherham2ROBOT,309195415
179745416_Newport1ROBOT,179745416
148626418_Hooley1ROBOT,148626418
566262421_Wigan1ROBOT,566262421
956111424_Alfreton1ROBOT,956111424
1382933426_Liverpool1ROBOT,1382933426
20300429_Yorkshire and The Humber1ROBOT,20300429
97881430_Minnigaff1ROBOT,97881430
795998430_Manchester1ROBOT,795998430
575397430_Manchester1ROBOT,575397430
104513430_Bradford1ROBOT,104513430
2734866430_Oldham1ROBOT,2734866430
2734866430_Oldham2ROBOT,2734866430
778274430_Hawick1ROBOT,778274430
46092433_Donegal1ROBOT,46092433
1035516433_Bristol1ROBOT,1035516433
1252777434_Pontefract1ROBOT,1252777434
980131436_Oxford1ROBOT,980131436
196990436_Cork1ROBOT,196990436
1457570437_Taunton1ROBOT,1457570437
1517813437_Enfield1ROBOT,1517813437
404401437_Aveley1ROBOT,404401437
228877438_Hartlepool1ROBOT,228877438
290154439_Clowne1ROBOT,290154439
285114440_Drongan1ROBOT,285114440
344960441_Cork1ROBOT,344960441
132608442_Barrhead1ROBOT,132608442
185602445_East Midlands1ROBOT,185602445
276466446_Trimsaran1ROBOT,276466446
2777046449_Pocklington1ROBOT,2777046449
105908451_Hamilton1ROBOT,105908451
1522867452_Hill Mountain1ROBOT,1522867452
28962453_West Midlands1ROBOT,28962453
501089455_Carnoustie1ROBOT,501089455
542722456_Londonderry1ROBOT,542722456
542722456_Londonderry2ROBOT,542722456
946188457_Felixstowe1ROBOT,946188457
618169457_Dublin City1ROBOT,618169457
269950460_Scotland1ROBOT,269950460
14775460_Greenwich1ROBOT,14775460
47748463_Hepworth1ROBOT,47748463
1121004464_London1ROBOT,1121004464
1121004464_Belfast2ROBOT,1121004464
1058968464_Skipton1ROBOT,1058968464
1148696466_King's Lynn1ROBOT,1148696466
25046473_Weeley1ROBOT,25046473
529797474_Highworth1ROBOT,529797474
2319515474_Southport1ROBOT,2319515474
870636474_Easterton1ROBOT,870636474
40578475_Honley1ROBOT,40578475
61722475_Northampton1ROBOT,61722475
96343476_Beith1ROBOT,96343476
83588476_Loughborough1ROBOT,83588476
356226477_Bailiwick of Guernsey1ROBOT,356226477
783215479_Ferryhill1ROBOT,783215479
882761480_Croydon1ROBOT,882761480
299593482_Worksop1ROBOT,299593482
2251045484_Bradford1ROBOT,2251045484
2251045484_Bradford2ROBOT,2251045484
1187323484_Colyton1ROBOT,1187323484
703877485_Auckley1ROBOT,703877485
93697485_Northern Ireland1ROBOT,93697485
1506870486_Leicester1ROBOT,1506870486
476698486_Witney1ROBOT,476698486
476698486_Witney2ROBOT,476698486
515835486_Saint Austell1ROBOT,515835486
420881489_Stoke-on-Trent1ROBOT,420881489
23942489_Helston1ROBOT,23942489
276606489_Dublin City1ROBOT,276606489
30171493_Southampton1ROBOT,30171493
262763494_Mayo1ROBOT,262763494
395504494_1ROBOT,395504494
603027496_Scotland1ROBOT,603027496
359399497_Bolton1ROBOT,359399497
1313528497_Derby1ROBOT,1313528497
203899499_Saint Albans1ROBOT,203899499
203899499_Saint Albans2ROBOT,203899499
839539500_1ROBOT,839539500
839539500_2ROBOT,839539500
92344502_Bradford1ROBOT,92344502
15302502_Southall1ROBOT,15302502
2723807502_Camden Town1ROBOT,2723807502
2723807502_Camden Town2ROBOT,2723807502
1062842503_Mayo1ROBOT,1062842503
516912503_Glyn-neath1ROBOT,516912503
221797505_Heybridge1ROBOT,221797505
1104808507_North West1ROBOT,1104808507
1104808507_North West2ROBOT,1104808507
284040509_Walton-le-Dale1ROBOT,284040509
203206509_Middleton-in-Teesdale1ROBOT,203206509
320946511_Newport1ROBOT,320946511
354900511_West Bromwich1ROBOT,354900511
1013199511_Eastry1ROBOT,1013199511
1013199511_Eastry2ROBOT,1013199511
542493512_Paddington1ROBOT,542493512
14268513_Easenhall1ROBOT,14268513
355168514_Inverness1ROBOT,355168514
437707516_Durness1ROBOT,437707516
2648761518_Birmingham1ROBOT,2648761518
261200519_Keighley1ROBOT,261200519
417597519_Abercarn1ROBOT,417597519
417597519_Abercarn2ROBOT,417597519
964193520_Ilford1ROBOT,964193520
764206520_Ardrossan1ROBOT,764206520
426952523_Wolverhampton1ROBOT,426952523
109701525_West Midlands1ROBOT,109701525
831580526_Llandderfel1ROBOT,831580526
1325448529_Louth1ROBOT,1325448529
1241910530_Whaley Bridge1ROBOT,1241910530
2199733534_Clydebank1ROBOT,2199733534
1506183535_Paisley1ROBOT,1506183535
350282535_Folkestone1ROBOT,350282535
95305536_Bishop's Cleeve1ROBOT,95305536
1663642536_Seaforth1ROBOT,1663642536
382723538_Hinton1ROBOT,382723538
382723538_Hinton2ROBOT,382723538
381568538_Trimdon Grange1ROBOT,381568538
479494541_Yorkshire and The Humber1ROBOT,479494541
31390542_Kirkcaldy1ROBOT,31390542
585948542_Glanaman1ROBOT,585948542
2275611545_Hythe1ROBOT,2275611545
1059012546_Chelmsford1ROBOT,1059012546
22253549_Wales1ROBOT,22253549
217375549_Veensgarth1ROBOT,217375549
376908549_Dunfermline1ROBOT,376908549
2237854550_Aberdeen1ROBOT,2237854550
2237854550_Aberdeen2ROBOT,2237854550
272000551_Cork1ROBOT,272000551
272000551_Cork2ROBOT,272000551
827651551_Ynysboeth1ROBOT,827651551
515553552_Leeds1ROBOT,515553552
586677554_Glasgow1ROBOT,586677554
578198555_Bowden Hill1ROBOT,578198555
137468556_Littlehampton1ROBOT,137468556
636179556_Bargoed1ROBOT,636179556
602134559_Howden1ROBOT,602134559
357686559_Low Catton1ROBOT,357686559
357686559_Low Catton2ROBOT,357686559
894157560_Bristol1ROBOT,894157560
81212560_Holyhead1ROBOT,81212560
1632955561_Kirkton1ROBOT,1632955561
1493768562_Stratton1ROBOT,1493768562
404068563_Horwich1ROBOT,404068563
377405563_Saint Dennis1ROBOT,377405563
134760564_Blackpool1ROBOT,134760564
730500564_Basildon1ROBOT,730500564
730500564_Basildon2ROBOT,730500564
730500564_Basildon3ROBOT,730500564
1144907564_Port Isaac1ROBOT,1144907564
1033726566_Preston1ROBOT,1033726566
278239567_Widnes1ROBOT,278239567
1608541568_1ROBOT,1608541568
2356703569_Corringham1ROBOT,2356703569
559075569_Richhill1ROBOT,559075569
851445570_East Midlands1ROBOT,851445570
1639329571_Tirley1ROBOT,1639329571
295352573_Birkenhead1ROBOT,295352573
227815574_Scotland1ROBOT,227815574
923348574_Yorkshire and The Humber1ROBOT,923348574
1923476576_Edinburgh1ROBOT,1923476576
33729578_Longford1ROBOT,33729578
2718812578_Scotland1ROBOT,2718812578
2718812578_Scotland2ROBOT,2718812578
182419580_Cardiff1ROBOT,182419580
70377580_Llanelli1ROBOT,70377580
243229581_Brynmawr1ROBOT,243229581
129625582_Downderry1ROBOT,129625582
401588589_Kingston upon Thames1ROBOT,401588589
2250834592_Kirk Merrington1ROBOT,2250834592
537607594_North West1ROBOT,537607594
537607594_North West2ROBOT,537607594
537607594_North West3ROBOT,537607594
26534595_Ashton-under-Lyne1ROBOT,26534595
627738595_Glasgow1ROBOT,627738595
1578666596_Sheffield1ROBOT,1578666596
613764596_Chirk Bank1ROBOT,613764596
1322845597_Sheffield1ROBOT,1322845597
2347445597_Longford1ROBOT,2347445597
2347445597_Longford2ROBOT,2347445597
87986599_Carlton1ROBOT,87986599
33279602_Yorkshire and The Humber1ROBOT,33279602
33279602_Langton2ROBOT,33279602
2527363603_Broadstairs1ROBOT,2527363603
2505259603_Huddersfield1ROBOT,2505259603
43768607_Blackpool1ROBOT,43768607
627572608_Cork1ROBOT,627572608
479856609_Glasgow1ROBOT,479856609
489473611_Cardiff1ROBOT,489473611
246986614_Pencoed1ROBOT,246986614
599468616_Plymouth1ROBOT,599468616
599468616_Plymouth2ROBOT,599468616
535350617_Winterbourne1ROBOT,535350617
573539619_Penrith1ROBOT,573539619
573539619_Workington2ROBOT,573539619
2276034620_Weston-super-Mare1ROBOT,2276034620
549132620_Kidsgrove1ROBOT,549132620
794533621_Croydon1ROBOT,794533621
27621624_Tonypandy1ROBOT,27621624
403324627_Monkstown1ROBOT,403324627
734687628_South West1ROBOT,734687628
734687628_South West2ROBOT,734687628
376282628_Dun Laoghaire-Rathdown1ROBOT,376282628
165919629_Audley1ROBOT,165919629
214621629_Queensferry1ROBOT,214621629
17334631_Sheffield1ROBOT,17334631
8280632_Ilkley1ROBOT,8280632
556328634_Birmingham1ROBOT,556328634
741182634_Wallsend1ROBOT,741182634
466916635_Wickham Bishops1ROBOT,466916635
145624635_Paisley1ROBOT,145624635
86718636_East Kilbride1ROBOT,86718636
776100637_Lurgan1ROBOT,776100637
776100637_Lurgan2ROBOT,776100637
877591639_Stourport-on-Severn1ROBOT,877591639
283085640_Northern Ireland1ROBOT,283085640
275704641_Wootton1ROBOT,275704641
432937642_Norwood Green1ROBOT,432937642
1934765642_Hartlepool1ROBOT,1934765642
1667937643_Wokingham1ROBOT,1667937643
206720643_Scotland1ROBOT,206720643
282654644_Hoddesdon1ROBOT,282654644
20788645_Foxhole1ROBOT,20788645
26643647_Sheffield1ROBOT,26643647
585064648_West Allotment1ROBOT,585064648
1111733648_Islington1ROBOT,1111733648
90941649_Llanbedr1ROBOT,90941649
451046650_Taunton1ROBOT,451046650
231595654_Cork1ROBOT,231595654
231595654_Cork2ROBOT,231595654
630311655_Manchester1ROBOT,630311655
430084657_Louth1ROBOT,430084657
198613658_West Midlands1ROBOT,198613658
856915663_Ferndale1ROBOT,856915663
30875663_Muirdrum1ROBOT,30875663
2569271664_Rawtenstall1ROBOT,2569271664
2569271664_Rawtenstall2ROBOT,2569271664
83104665_Saint Helens1ROBOT,83104665
362444669_Reading1ROBOT,362444669
420538672_Wales1ROBOT,420538672
259892673_West Meath1ROBOT,259892673
259892673_West Meath2ROBOT,259892673
67993674_Murton1ROBOT,67993674
1107042674_Howden1ROBOT,1107042674
2180799674_Whitburn1ROBOT,2180799674
2180799674_Whitburn2ROBOT,2180799674
1022515674_Sale1ROBOT,1022515674
2588672675_Holbeach Saint Marks1ROBOT,2588672675
772120676_Arbroath1ROBOT,772120676
20697677_Treorchy1ROBOT,20697677
927246680_Ystradgynlais1ROBOT,927246680
406947680_Bellsquarry1ROBOT,406947680
292523681_East Ham1ROBOT,292523681
2339328682_Willoughby Waterleys1ROBOT,2339328682
1182397682_Ramsey1ROBOT,1182397682
20784683_Whitley Bay1ROBOT,20784683
602874683_Cork1ROBOT,602874683
602874683_Cork2ROBOT,602874683
2290501684_Tullibody1ROBOT,2290501684
15191684_Histon1ROBOT,15191684
705994686_Derby1ROBOT,705994686
316464689_Elgin1ROBOT,316464689
2519289689_Ouzlewell Green1ROBOT,2519289689
893924690_Carnoustie1ROBOT,893924690
893924690_Carnoustie2ROBOT,893924690
52831692_Hungerford1ROBOT,52831692
1273625695_Cherry Burton1ROBOT,1273625695
27029698_Newton Saint Cyres1ROBOT,27029698
433677698_Pawlett1ROBOT,433677698
989299699_Birkenhead1ROBOT,989299699
454037701_Heacham1ROBOT,454037701
734591701_Great Harwood1ROBOT,734591701
2246324702_Limerick1ROBOT,2246324702
40297702_Wales1ROBOT,40297702
597353703_South East1ROBOT,597353703
597353703_South East2ROBOT,597353703
118195705_North Tipperary1ROBOT,118195705
603912706_Edinburgh1ROBOT,603912706
285115706_Bexley1ROBOT,285115706
2292139707_Wales1ROBOT,2292139707
308647707_Galway1ROBOT,308647707
802581708_Aspatria1ROBOT,802581708
41637714_Albecq1ROBOT,41637714
2737848720_Trowbridge1ROBOT,2737848720
353146720_Ayr1ROBOT,353146720
340881721_South East1ROBOT,340881721
105822724_Brentwood1ROBOT,105822724
2303513724_South West1ROBOT,2303513724
67320725_Oxford1ROBOT,67320725
817508726_Deal1ROBOT,817508726
1938255726_Stratford1ROBOT,1938255726
25327727_Hillingdon1ROBOT,25327727
455885728_Hounslow1ROBOT,455885728
1278677730_Laois1ROBOT,1278677730
1278677730_Laois2ROBOT,1278677730
575548731_Scotland1ROBOT,575548731
863502732_Cwmbran1ROBOT,863502732
116480734_Barnsley1ROBOT,116480734
1127737735_Clacton-on-Sea1ROBOT,1127737735
571602736_Chorlton1ROBOT,571602736
573632737_Preston1ROBOT,573632737
470441737_East1ROBOT,470441737
19490740_West Midlands1ROBOT,19490740
69605740_Louth1ROBOT,69605740
1058584740_Saint Georges1ROBOT,1058584740
65466741_Hackney1ROBOT,65466741
80558742_Bury1ROBOT,80558742
2206072743_Bromley1ROBOT,2206072743
247782743_Dublin City1ROBOT,247782743
247782743_Dublin City2ROBOT,247782743
257251744_Wexford1ROBOT,257251744
257251744_Wexford2ROBOT,257251744
21330744_Cork1ROBOT,21330744
95057745_Gloucester1ROBOT,95057745
244523746_Slough1ROBOT,244523746
17424747_Pirbright1ROBOT,17424747
17424747_Fleet2ROBOT,17424747
1494157747_Oldham1ROBOT,1494157747
946796749_Eltham1ROBOT,946796749
132822749_Leeds1ROBOT,132822749
289910750_Whitburn1ROBOT,289910750
1406016751_Leeds1ROBOT,1406016751
317342753_Wokingham1ROBOT,317342753
2502167753_East1ROBOT,2502167753
392906757_Saint Osyth1ROBOT,392906757
54497758_Fulbourn1ROBOT,54497758
422550758_Elgin1ROBOT,422550758
785344759_Oldham1ROBOT,785344759
757690759_East1ROBOT,757690759
359281759_Llandudno1ROBOT,359281759
120293760_Greenwich1ROBOT,120293760
120293760_Greenwich2ROBOT,120293760
422952760_Cambuslang1ROBOT,422952760
1732730760_Kirkcaldy1ROBOT,1732730760
509137762_West Meath1ROBOT,509137762
16542764_Sevenoaks1ROBOT,16542764
230720764_Scotland1ROBOT,230720764
319240765_Saint Albans1ROBOT,319240765
319240765_Saint Albans2ROBOT,319240765
468336766_Scotland1ROBOT,468336766
468336766_Scotland2ROBOT,468336766
576867768_Glanaman1ROBOT,576867768
454873768_South Shields1ROBOT,454873768
181159770_North East1ROBOT,181159770
353205772_Croydon1ROBOT,353205772
346484776_Tamworth1ROBOT,346484776
158491778_Dalgety Bay1ROBOT,158491778
1252151778_Bradford1ROBOT,1252151778
483423778_Mayo1ROBOT,483423778
483423778_Mayo2ROBOT,483423778
15734778_Watchet1ROBOT,15734778
418024779_Godmanchester1ROBOT,418024779
350872780_Woodingdean1ROBOT,350872780
246961780_Kilmarnock1ROBOT,246961780
84687780_Brighton and Hove1ROBOT,84687780
84687780_South Gloucestershire2ROBOT,84687780
2503085781_Kirton1ROBOT,2503085781
2503085781_Kirton2ROBOT,2503085781
2503085781_East Midlands3ROBOT,2503085781
2417780783_South East1ROBOT,2417780783
40340783_Cleator Moor1ROBOT,40340783
593155785_South Dublin1ROBOT,593155785
593155785_South Dublin2ROBOT,593155785
363488787_Harwich1ROBOT,363488787
1458185790_Chivenor1ROBOT,1458185790
2575863791_Penicuik1ROBOT,2575863791
18586792_Brampton1ROBOT,18586792
771832794_Dun Laoghaire-Rathdown1ROBOT,771832794
2722022795_Derby1ROBOT,2722022795
856372795_Uppermill1ROBOT,856372795
200279795_Pontardawe1ROBOT,200279795
1417523797_Wicklow1ROBOT,1417523797
122474803_Wexford1ROBOT,122474803
18882803_Down Ampney1ROBOT,18882803
115204804_Glasgow1ROBOT,115204804
935046804_Edinburgh1ROBOT,935046804
112467806_Rugeley1ROBOT,112467806
430104809_Yelverton1ROBOT,430104809
979493810_Grantham1ROBOT,979493810
1320762812_East1ROBOT,1320762812
403593815_West Bromwich1ROBOT,403593815
39223816_Redhill1ROBOT,39223816
2154539817_Galway1ROBOT,2154539817
126281818_Kingston1ROBOT,126281818
39771820_Higher Whitley1ROBOT,39771820
39771820_Higher Whitley2ROBOT,39771820
427327821_Dublin City1ROBOT,427327821
217368823_Cambuslang1ROBOT,217368823
823215823_Ashford1ROBOT,823215823
2237068824_East1ROBOT,2237068824
168740824_Burton upon Trent1ROBOT,168740824
27322825_Saint Ouen's Village1ROBOT,27322825
2881831_Glasgow1ROBOT,2881831
1903451832_Hackney1ROBOT,1903451832
1903451832_Hackney2ROBOT,1903451832
1471985832_Wicklow1ROBOT,1471985832
1303228832_Wicklow1ROBOT,1303228832
107513832_Penrith1ROBOT,107513832
26124833_Merriott1ROBOT,26124833
1428729834_Wales1ROBOT,1428729834
608510834_Scotland1ROBOT,608510834
236958834_Greencastle1ROBOT,236958834
226713836_Broxbourne1ROBOT,226713836
541134837_Locharbriggs1ROBOT,541134837
193375838_Embo1ROBOT,193375838
102476840_Lydney1ROBOT,102476840
433279840_Broadstairs1ROBOT,433279840
137385841_Upton Saint Leonards1ROBOT,137385841
568406841_Congresbury1ROBOT,568406841
249787843_Brompton1ROBOT,249787843
470682843_Milton1ROBOT,470682843
400273844_Solihull1ROBOT,400273844
311727849_Newport1ROBOT,311727849
624703851_Mirfield1ROBOT,624703851
152996852_Bolton1ROBOT,152996852
388525853_Prestonpans1ROBOT,388525853
1441579855_Wales1ROBOT,1441579855
626605855_Shepton Mallet1ROBOT,626605855
626605855_Shepton Mallet2ROBOT,626605855
72653856_Manchester1ROBOT,72653856
161360857_Bursledon1ROBOT,161360857
411656858_South East1ROBOT,411656858
291114859_Bridgend1ROBOT,291114859
18410859_Southampton1ROBOT,18410859
972298862_Wales1ROBOT,972298862
14460863_Cambridge1ROBOT,14460863
578955867_Locks Heath1ROBOT,578955867
2292620867_Portsmouth1ROBOT,2292620867
18831867_Bromley1ROBOT,18831867
45926869_Dewsbury1ROBOT,45926869
45926869_Dewsbury2ROBOT,45926869
435215869_Scotland1ROBOT,435215869
221112870_Tilbury1ROBOT,221112870
1693164872_Wisbech1ROBOT,1693164872
17946874_Stafford1ROBOT,17946874
20234874_Crayford1ROBOT,20234874
20234874_Crayford2ROBOT,20234874
176422874_Bilston1ROBOT,176422874
339820876_Meath1ROBOT,339820876
502024876_East1ROBOT,502024876
852581876_East1ROBOT,852581876
235574878_Wales1ROBOT,235574878
19863878_Waterloo1ROBOT,19863878
24437879_Macclesfield1ROBOT,24437879
111342881_Truro1ROBOT,111342881
578361884_East Midlands1ROBOT,578361884
578361884_East Midlands2ROBOT,578361884
100860884_Norton Fitzwarren1ROBOT,100860884
224309888_Newton Mearns1ROBOT,224309888
21489889_Wales1ROBOT,21489889
831834889_South East1ROBOT,831834889
303280889_Pontardawe1ROBOT,303280889
303280889_Pontardawe2ROBOT,303280889
394865889_Hounslow1ROBOT,394865889
1238557891_Derby1ROBOT,1238557891
166600891_Blackburn1ROBOT,166600891
37756891_Dublin City1ROBOT,37756891
494076892_Gisburn1ROBOT,494076892
494076892_Gisburn2ROBOT,494076892
1443469892_Liverpool1ROBOT,1443469892
271917892_Leicester1ROBOT,271917892
271917892_Leicester2ROBOT,271917892
635653894_Carnkie1ROBOT,635653894
295905896_East1ROBOT,295905896
254100897_Manchester1ROBOT,254100897
283636898_Oxford1ROBOT,283636898
283636898_Oxford2ROBOT,283636898
343615901_Cork1ROBOT,343615901
236115901_Potters Bar1ROBOT,236115901
1710736904_Aylesbury1ROBOT,1710736904
935270904_Sling1ROBOT,935270904
1729475904_Corby1ROBOT,1729475904
1729475904_Corby2ROBOT,1729475904
275276906_Leeds1ROBOT,275276906
2243152907_West Bromwich1ROBOT,2243152907
1339260908_Uppermill1ROBOT,1339260908
102972909_Greenwich1ROBOT,102972909
301398910_Scotland1ROBOT,301398910
38501912_Milton Keynes1ROBOT,38501912
94115913_Rawtenstall1ROBOT,94115913
1275229915_Kirkcaldy1ROBOT,1275229915
251113918_Shrawardine1ROBOT,251113918
251113918_Shrawardine2ROBOT,251113918
1072394918_Waterford1ROBOT,1072394918
224576920_Glasgow1ROBOT,224576920
1204584920_Newburgh1ROBOT,1204584920
1882333922_Basildon1ROBOT,1882333922
302705923_Wicken1ROBOT,302705923
388939925_Kinlochleven1ROBOT,388939925
2183609926_Chorley1ROBOT,2183609926
299929928_Featherstone1ROBOT,299929928
2313711930_Clonoe1ROBOT,2313711930
112169930_London1ROBOT,112169930
1005033931_Plymstock1ROBOT,1005033931
2578196931_Cardiff1ROBOT,2578196931
27306934_Birmingham1ROBOT,27306934
392189936_Merthyr Tydfil1ROBOT,392189936
383855940_Paisley1ROBOT,383855940
1029155941_Stevenston1ROBOT,1029155941
261787942_Wales1ROBOT,261787942
22190942_Clacton-on-Sea1ROBOT,22190942
365938942_Pembroke Dock1ROBOT,365938942
2598672943_Great Yarmouth1ROBOT,2598672943
2598672943_Great Yarmouth2ROBOT,2598672943
61742943_Wales1ROBOT,61742943
45942947_Paisley1ROBOT,45942947
356869948_Brighton1ROBOT,356869948
26871952_Peacehaven1ROBOT,26871952
418225952_Glasgow1ROBOT,418225952
1189778953_South West1ROBOT,1189778953
548543953_Camborne1ROBOT,548543953
1367744954_Bishopbriggs1ROBOT,1367744954
482080954_Dundee1ROBOT,482080954
1404933955_Cambridge1ROBOT,1404933955
1284375955_Hillside1ROBOT,1284375955
390592959_Gillingham1ROBOT,390592959
19613960_West Midlands1ROBOT,19613960
2740261960_Halifax1ROBOT,2740261960
308310960_Lambeth1ROBOT,308310960
315314962_Okehampton1ROBOT,315314962
398115962_Heywood1ROBOT,398115962
1206226963_Ossett1ROBOT,1206226963
2232969964_Barking1ROBOT,2232969964
2232969964_Barking2ROBOT,2232969964
157987965_South East1ROBOT,157987965
420636968_Louth1ROBOT,420636968
420636968_Louth2ROBOT,420636968
243722970_Kilmaurs1ROBOT,243722970
567398972_Ipswich1ROBOT,567398972
72431972_East1ROBOT,72431972
1077165974_East Midlands1ROBOT,1077165974
171646977_Tiverton1ROBOT,171646977
537450977_Dunfermline1ROBOT,537450977
912846978_East1ROBOT,912846978
742749980_Dailly1ROBOT,742749980
194567982_Dublin City1ROBOT,194567982
194567982_Dublin City2ROBOT,194567982
572664983_Andover1ROBOT,572664983
371827984_Wibsey1ROBOT,371827984
354551985_Dungannon1ROBOT,354551985
371866986_North East1ROBOT,371866986
709497986_Yorkshire and The Humber1ROBOT,709497986
142073987_Scotland1ROBOT,142073987
1382833987_Edinburgh1ROBOT,1382833987
709574988_Elmswell1ROBOT,709574988
18641988_Oswestry1ROBOT,18641988
724311990_Shandon1ROBOT,724311990
281461991_Carluke1ROBOT,281461991
2338820994_Dublin City1ROBOT,2338820994
498047995_Lingdale1ROBOT,498047995
2741122997_Warley1ROBOT,2741122997
2741122997_Warley2ROBOT,2741122997
179723999_Burwell1ROBOT,179723999
